[
{
  "model": "auth.user",
  "pk": 1,
  "fields": {
    "password": "pbkdf2_sha256$870000$t482nDYEvhU6kWh7Ltj5Va$3fqfKHq0p4xJBx0AusPjLiXUOwaBmkxboDgoAAqCEjc=",
    "last_login": "2025-01-24T20:14:29.450Z",
    "is_superuser": true,
    "username": "admin",
    "first_name": "",
    "last_name": "",
    "email": "admin@example.com",
    "is_staff": true,
    "is_active": true,
    "date_joined": "2025-01-24T20:14:21.908Z",
    "groups": [],
    "user_permissions": []
  }
},
{
  "model": "auth.user",
  "pk": 2,
  "fields": {
    "password": "pbkdf2_sha256$870000$66mori6fKViYFhOD4yFV9Q$URq0QZZPU3qeDd9L1EovAJ5oXB3g+U08ssjHh4o8FFk=",
    "last_login": null,
    "is_superuser": false,
    "username": "andersonphilip",
    "first_name": "Teresa",
    "last_name": "Moore",
    "email": "ele@example.org",
    "is_staff": false,
    "is_active": true,
    "date_joined": "2025-01-24T20:14:59.826Z",
    "groups": [],
    "user_permissions": []
  }
},
{
  "model": "auth.user",
  "pk": 3,
  "fields": {
    "password": "pbkdf2_sha256$870000$cHWmkeGQSDbmq3WjCeEy5F$w0HCrGZ819RM/AAYOMli5Y1g2VhUq+3NDJFiESIFjos=",
    "last_login": null,
    "is_superuser": false,
    "username": "josemiller",
    "first_name": "Daniel",
    "last_name": "Jones",
    "email": "fbaker@example.com",
    "is_staff": false,
    "is_active": true,
    "date_joined": "2025-01-24T20:15:00.013Z",
    "groups": [],
    "user_permissions": []
  }
},
{
  "model": "auth.user",
  "pk": 4,
  "fields": {
    "password": "pbkdf2_sha256$870000$SXmNlibSbE4nqxtQqb3oq3$gfKEZzRoP48dflWlDJ0suufmhqsUd5syhw85ljX7UQ4=",
    "last_login": null,
    "is_superuser": false,
    "username": "djones",
    "first_name": "Kara",
    "last_name": "Miller",
    "email": "jessicarobinson@example.com",
    "is_staff": false,
    "is_active": true,
    "date_joined": "2025-01-24T20:15:00.194Z",
    "groups": [],
    "user_permissions": []
  }
},
{
  "model": "auth.user",
  "pk": 5,
  "fields": {
    "password": "pbkdf2_sha256$870000$25y3FSHvoGALueu4rs6oy2$sCSQeP6/npAebMN+CLja06kMmqRzSaClJM+ACFK9l54=",
    "last_login": null,
    "is_superuser": false,
    "username": "rcampbell",
    "first_name": "James",
    "last_name": "Melendez",
    "email": "ipatel@example.net",
    "is_staff": false,
    "is_active": true,
    "date_joined": "2025-01-24T20:15:00.379Z",
    "groups": [],
    "user_permissions": []
  }
},
{
  "model": "auth.user",
  "pk": 6,
  "fields": {
    "password": "pbkdf2_sha256$870000$5DuLiuIIu63LTw3PI2FTyZ$v9LcjeOoWk/4VOUnvbZtEu43C4SBIVhyYKZ0mqd7bUY=",
    "last_login": null,
    "is_superuser": false,
    "username": "markyork",
    "first_name": "Theresa",
    "last_name": "Bryant",
    "email": "maria31@example.net",
    "is_staff": false,
    "is_active": true,
    "date_joined": "2025-01-24T20:15:00.561Z",
    "groups": [],
    "user_permissions": []
  }
},
{
  "model": "auth.user",
  "pk": 7,
  "fields": {
    "password": "pbkdf2_sha256$870000$EMTnbqQEpCtD1IsjBKdLys$HQ/vQIv3dO+QJgYnLgCJkrmSW0ECwv7g0WEF3o6XGnA=",
    "last_login": null,
    "is_superuser": false,
    "username": "salasconnie",
    "first_name": "Bianca",
    "last_name": "Guerrero",
    "email": "ashley11@example.net",
    "is_staff": false,
    "is_active": true,
    "date_joined": "2025-01-24T20:15:00.743Z",
    "groups": [],
    "user_permissions": []
  }
},
{
  "model": "auth.user",
  "pk": 8,
  "fields": {
    "password": "pbkdf2_sha256$870000$EBzAp5dflr7FucH88wuxjx$QYqpdVrDs/QUMOOavuhd4vFq+slGgeVf7PmiZF8ht60=",
    "last_login": null,
    "is_superuser": false,
    "username": "vgould",
    "first_name": "Laura",
    "last_name": "Ellis",
    "email": "chadgomez@example.org",
    "is_staff": false,
    "is_active": true,
    "date_joined": "2025-01-24T20:15:00.923Z",
    "groups": [],
    "user_permissions": []
  }
},
{
  "model": "auth.user",
  "pk": 9,
  "fields": {
    "password": "pbkdf2_sha256$870000$YF8MFfpwn11vMBxcCJYUui$2rlanvwtzXF0RT3A8u9baH8ikjoRsH8mrIoVi7BT/X4=",
    "last_login": null,
    "is_superuser": false,
    "username": "john92",
    "first_name": "Jeffrey",
    "last_name": "Sanchez",
    "email": "freemantimothy@example.org",
    "is_staff": false,
    "is_active": true,
    "date_joined": "2025-01-24T20:15:01.104Z",
    "groups": [],
    "user_permissions": []
  }
},
{
  "model": "auth.user",
  "pk": 10,
  "fields": {
    "password": "pbkdf2_sha256$870000$S7jtMujMD0c57DYgJtyIty$gnEuEznkGO7QbNRYl3fDT2BVGbP4TU3K+WAAmi1f/Lw=",
    "last_login": null,
    "is_superuser": false,
    "username": "angela74",
    "first_name": "Adam",
    "last_name": "Morgan",
    "email": "courtneydavis@example.net",
    "is_staff": false,
    "is_active": true,
    "date_joined": "2025-01-24T20:15:01.285Z",
    "groups": [],
    "user_permissions": []
  }
},
{
  "model": "auth.user",
  "pk": 11,
  "fields": {
    "password": "pbkdf2_sha256$870000$qgChI6veI4tUwO6aMo1SR2$o5ax5kZScW+tHwgVRXiu8l8Ic1G5CFVtIXxjbDD25GM=",
    "last_login": null,
    "is_superuser": false,
    "username": "marcblevins",
    "first_name": "Amanda",
    "last_name": "Thompson",
    "email": "lewistiffany@example.net",
    "is_staff": false,
    "is_active": true,
    "date_joined": "2025-01-24T20:15:01.466Z",
    "groups": [],
    "user_permissions": []
  }
},
{
  "model": "auth.user",
  "pk": 12,
  "fields": {
    "password": "pbkdf2_sha256$870000$CVYNWY3RdFhJg9s0rj711x$0qk99VjYGRzkEDd6tMXJoGDzRSrYCeGKEKSQXjCWTgM=",
    "last_login": null,
    "is_superuser": false,
    "username": "castillovalerie",
    "first_name": "Debbie",
    "last_name": "Crawford",
    "email": "tranangela@example.com",
    "is_staff": false,
    "is_active": true,
    "date_joined": "2025-01-24T20:15:01.649Z",
    "groups": [],
    "user_permissions": []
  }
},
{
  "model": "auth.user",
  "pk": 13,
  "fields": {
    "password": "pbkdf2_sha256$870000$7WCgDqjfmDDfRn6XSNVPX0$9nkYlM8VvfJ3L1O4wgZOT94JNbNczuQlc3tkVStbzEw=",
    "last_login": null,
    "is_superuser": false,
    "username": "davidrandall",
    "first_name": "Jacqueline",
    "last_name": "Brown",
    "email": "melaniephillips@example.net",
    "is_staff": false,
    "is_active": true,
    "date_joined": "2025-01-24T20:15:01.830Z",
    "groups": [],
    "user_permissions": []
  }
},
{
  "model": "auth.user",
  "pk": 14,
  "fields": {
    "password": "pbkdf2_sha256$870000$iPYQA3axMDxgPLLgQab8OU$ETES9SDK27aefKhuVXVDc7q1hQDFonYIqabMeuYyoUI=",
    "last_login": null,
    "is_superuser": false,
    "username": "jennifer44",
    "first_name": "Cassandra",
    "last_name": "Lopez",
    "email": "okelly@example.net",
    "is_staff": false,
    "is_active": true,
    "date_joined": "2025-01-24T20:15:02.011Z",
    "groups": [],
    "user_permissions": []
  }
},
{
  "model": "auth.user",
  "pk": 15,
  "fields": {
    "password": "pbkdf2_sha256$870000$jqhvGXCws8d5e6jNjiocdt$MEvuTqJR2XoE1fPAlZG4k/xRELT0vVQjTyNSWQS625U=",
    "last_login": null,
    "is_superuser": false,
    "username": "hansencatherine",
    "first_name": "Richard",
    "last_name": "Andrews",
    "email": "wboone@example.net",
    "is_staff": false,
    "is_active": true,
    "date_joined": "2025-01-24T20:15:02.190Z",
    "groups": [],
    "user_permissions": []
  }
},
{
  "model": "auth.user",
  "pk": 16,
  "fields": {
    "password": "pbkdf2_sha256$870000$TZ2owo2Mkr7vw74KNoi0yS$oHI7a/tWiCwWUC+y4eX82wcNYeSo8g3CYD4e+HPGm80=",
    "last_login": null,
    "is_superuser": false,
    "username": "eli",
    "first_name": "Kyle",
    "last_name": "Gonzalez",
    "email": "bmurray@example.net",
    "is_staff": false,
    "is_active": true,
    "date_joined": "2025-01-24T20:15:02.369Z",
    "groups": [],
    "user_permissions": []
  }
},
{
  "model": "auth.user",
  "pk": 17,
  "fields": {
    "password": "pbkdf2_sha256$870000$ky8drG3C2PsicuOdGpUHi5$YPr9M+hETOcyNGIE9/T+zBZp/y/OJgYILDd+8JIDFKE=",
    "last_login": null,
    "is_superuser": false,
    "username": "warrenleah",
    "first_name": "Susan",
    "last_name": "Navarro",
    "email": "henry85@example.org",
    "is_staff": false,
    "is_active": true,
    "date_joined": "2025-01-24T20:15:02.548Z",
    "groups": [],
    "user_permissions": []
  }
},
{
  "model": "auth.user",
  "pk": 18,
  "fields": {
    "password": "pbkdf2_sha256$870000$Uiced3rhtLNVlBGcH5ds8I$xjO5oMT5Cpr/IcBZ0r0PyyG3w7IforPUW29GBsKI3rg=",
    "last_login": null,
    "is_superuser": false,
    "username": "egreene",
    "first_name": "Emily",
    "last_name": "Jackson",
    "email": "andrew17@example.com",
    "is_staff": false,
    "is_active": true,
    "date_joined": "2025-01-24T20:15:02.726Z",
    "groups": [],
    "user_permissions": []
  }
},
{
  "model": "auth.user",
  "pk": 19,
  "fields": {
    "password": "pbkdf2_sha256$870000$zlpvxhIiyyDkyzZJmGxbcf$pPXFSQJdej+oMOTU+R570LnnXtxSFrIkBjoMFL1SXKo=",
    "last_login": null,
    "is_superuser": false,
    "username": "schultzmorgan",
    "first_name": "Diana",
    "last_name": "Turner",
    "email": "robert40@example.net",
    "is_staff": false,
    "is_active": true,
    "date_joined": "2025-01-24T20:15:02.905Z",
    "groups": [],
    "user_permissions": []
  }
},
{
  "model": "auth.user",
  "pk": 20,
  "fields": {
    "password": "pbkdf2_sha256$870000$CMA5Hi2HF1yTysG9LvHBcV$DJrfr8EoNN32dwKG4lKidP7HMzbYIJDMmd9fMMAjwbQ=",
    "last_login": null,
    "is_superuser": false,
    "username": "jason80",
    "first_name": "Kathleen",
    "last_name": "Livingston",
    "email": "veronicaortiz@example.com",
    "is_staff": false,
    "is_active": true,
    "date_joined": "2025-01-24T20:15:03.084Z",
    "groups": [],
    "user_permissions": []
  }
},
{
  "model": "auth.user",
  "pk": 21,
  "fields": {
    "password": "pbkdf2_sha256$870000$BGnp9ZlidxtljsnmQKToK7$FjLVtxfVVoAJa3LkdqvhsKTNISTVtvnoaHPG+Kmg2U4=",
    "last_login": null,
    "is_superuser": false,
    "username": "betty72",
    "first_name": "Jessica",
    "last_name": "Kelly",
    "email": "nortoncharlene@example.com",
    "is_staff": false,
    "is_active": true,
    "date_joined": "2025-01-24T20:15:03.263Z",
    "groups": [],
    "user_permissions": []
  }
}
]
